General Agriculture,Agriculture & Natural Resources
Agriculture Production And Management,Agriculture & Natural Resources
Agricultural Economics,Agriculture & Natural Resources
Animal Sciences,Agriculture & Natural Resources
Food Science,Agriculture & Natural Resources
Plant Science And Agronomy,Agriculture & Natural Resources
Soil Science,Agriculture & Natural Resources
Miscellaneous Agriculture,Agriculture & Natural Resources
Forestry,Agriculture & Natural Resources
Natural Resources Management,Agriculture & Natural Resources
Fine Arts,Arts
Drama And Theater Arts,Arts
Music,Arts
Visual And Performing Arts,Arts
Commercial Art And Graphic Design,Arts
Film Video And Photographic Arts,Arts
Studio Arts,Arts
Miscellaneous Fine Arts,Arts
Environmental Science,Biology & Life Science
Biology,Biology & Life Science
Biochemical Sciences,Biology & Life Science
Botany,Biology & Life Science
Molecular Biology,Biology & Life Science
Ecology,Biology & Life Science
Genetics,Biology & Life Science
Microbiology,Biology & Life Science
Pharmacology,Biology & Life Science
Physiology,Biology & Life Science
Zoology,Biology & Life Science
Neuroscience,Biology & Life Science
Miscellaneous Biology,Biology & Life Science
Cognitive Science And Biopsychology,Biology & Life Science
General Business,Business
Accounting,Business
Actuarial Science,Business
Business Management And Administration,Business
Operations Logistics And E-Commerce,Business
Business Economics,Business
Marketing And Marketing Research,Business
Finance,Business
Human Resources And Personnel Management,Business
International Business,Business
Hospitality Management,Business
Management Information Systems And Statistics,Business
Miscellaneous Business & Medical Administration,Business
Communications,Communications & Journalism
Journalism,Communications & Journalism
Mass Media,Communications & Journalism
Advertising And Public Relations,Communications & Journalism
Communication Technologies,Computers & Mathematics
Computer And Information Systems,Computers & Mathematics
Computer Programming And Data Processing,Computers & Mathematics
Computer Science,Computers & Mathematics
Information Sciences,Computers & Mathematics
Computer Administration Management And Security,Computers & Mathematics
Computer Networking And Telecommunications,Computers & Mathematics
Mathematics,Computers & Mathematics
Applied Mathematics,Computers & Mathematics
Statistics And Decision Science,Computers & Mathematics
Mathematics And Computer Science,Computers & Mathematics
General Education,Education
Educational Administration And Supervision,Education
School Student Counseling,Education
Elementary Education,Education
Mathematics Teacher Education,Education
Physical And Health Education Teaching,Education
Early Childhood Education,Education
Science And Computer Teacher Education,Education
Secondary Teacher Education,Education
Special Needs Education,Education
Social Science Or History Teacher Education,Education
Teacher Education: Multiple Levels,Education
Language And Drama Education,Education
Art And Music Education,Education
Miscellaneous Education,Education
Library Science,Education
Architecture,Engineering
General Engineering,Engineering
Aerospace Engineering,Engineering
Biological Engineering,Engineering
Architectural Engineering,Engineering
Biomedical Engineering,Engineering
Chemical Engineering,Engineering
Civil Engineering,Engineering
Computer Engineering,Engineering
Electrical Engineering,Engineering
Engineering Mechanics Physics And Science,Engineering
Environmental Engineering,Engineering
Geological And Geophysical Engineering,Engineering
Industrial And Manufacturing Engineering,Engineering
Materials Engineering And Materials Science,Engineering
Mechanical Engineering,Engineering
Metallurgical Engineering,Engineering
Mining And Mineral Engineering,Engineering
Naval Architecture And Marine Engineering,Engineering
Nuclear Engineering,Engineering
Petroleum Engineering,Engineering
Miscellaneous Engineering,Engineering
Engineering Technologies,Engineering
Engineering And Industrial Management,Engineering
Electrical Engineering Technology,Engineering
Industrial Production Technologies,Engineering
Mechanical Engineering Related Technologies,Engineering
Miscellaneous Engineering Technologies,Engineering
Materials Science,Engineering
Nutrition Sciences,Health
General Medical And Health Services,Health
Communication Disorders Sciences And Services,Health
Health And Medical Administrative Services,Health
Medical Assisting Services,Health
Medical Technologies Technicians,Health
Health And Medical Preparatory Programs,Health
Nursing,Health
Pharmacy Pharmaceutical Sciences And Administration,Health
Treatment Therapy Professions,Health
Community And Public Health,Health
Miscellaneous Health Medical Professions,Health
Area Ethnic And Civilization Studies,Humanities & Liberal Arts
Linguistics And Comparative Language And Literature,Humanities & Liberal Arts
French German Latin And Other Common Foreign Language Studies,Humanities & Liberal Arts
Other Foreign Languages,Humanities & Liberal Arts
English Language And Literature,Humanities & Liberal Arts
Composition And Rhetoric,Humanities & Liberal Arts
Liberal Arts,Humanities & Liberal Arts
Humanities,Humanities & Liberal Arts
Intercultural And International Studies,Humanities & Liberal Arts
Philosophy And Religious Studies,Humanities & Liberal Arts
Theology And Religious Vocations,Humanities & Liberal Arts
Anthropology And Archeology,Humanities & Liberal Arts
Art History And Criticism,Humanities & Liberal Arts
History,Humanities & Liberal Arts
United States History,Humanities & Liberal Arts
Cosmetology Services And Culinary Arts,Industrial Arts & Consumer Services
Family And Consumer Sciences,Industrial Arts & Consumer Services
Military Technologies,Industrial Arts & Consumer Services
Physical Fitness Parks Recreation And Leisure,Industrial Arts & Consumer Services
Construction Services,Industrial Arts & Consumer Services
Electrical, Mechanical, And Precision Technologies And Production,Industrial Arts & Consumer Services
Transportation Sciences And Technologies,Industrial Arts & Consumer Services
MultiInterdisciplinary Studies,Interdisciplinary
Court Reporting,Law & Public Policy
Pre-Law And Legal Studies,Law & Public Policy
Criminal Justice And Fire Protection,Law & Public Policy
Public Administration,Law & Public Policy
Public Policy,Law & Public Policy
Physical Sciences,Physical Sciences
Astronomy And Astrophysics,Physical Sciences
Atmospheric Sciences And Meteorology,Physical Sciences
Chemistry,Physical Sciences
Geology And Earth Science,Physical Sciences
Geosciences,Physical Sciences
Oceanography,Physical Sciences
Physics,Physical Sciences
Multi-Disciplinary Or General Science,Physical Sciences
Nuclear, Industrial Radiology, And Biological Technologies,Physical Sciences
Psychology,Psychology & Social Work
Educational Psychology,Psychology & Social Work
Clinical Psychology,Psychology & Social Work
Counseling Psychology,Psychology & Social Work
Industrial And Organizational Psychology,Psychology & Social Work
Social Psychology,Psychology & Social Work
Miscellaneous Psychology,Psychology & Social Work
Human Services And Community Organization,Psychology & Social Work
Social Work,Psychology & Social Work
Interdisciplinary Social Sciences,Social Science
General Social Sciences,Social Science
Economics,Social Science
Criminology,Social Science
Geography,Social Science
International Relations,Social Science
Political Science And Government,Social Science
Sociology,Social Science
Miscellaneous Social Sciences,Social Science
